,annual return,volatility,sharpe,max drawdown,turnover
primary 0.5x cost,0.0199,0.0688,0.2887,-0.1429,72.2703
primary 1.0x cost,0.0136,0.0689,0.1977,-0.1547,72.2703
primary 2.0x cost,0.0011,0.0691,0.0162,-0.2068,72.2703
cash 0.5x cost,0.0288,0.0602,0.4779,-0.109,19.8636
cash 1.0x cost,0.0278,0.0602,0.4614,-0.1099,19.8636
cash 2.0x cost,0.0258,0.0602,0.4283,-0.1117,19.8636
rebal 0.5x cost,0.0133,0.0672,0.1983,-0.2159,72.1186
rebal 1.0x cost,0.0071,0.0674,0.1052,-0.2487,72.1186
rebal 2.0x cost,-0.0054,0.0677,-0.0797,-0.3104,72.1186
both 0.5x cost,0.0428,0.0866,0.494,-0.1437,78.4176
both 1.0x cost,0.0362,0.0867,0.4179,-0.156,78.4176
both 2.0x cost,0.0231,0.0869,0.2659,-0.1801,78.4176
primary_z 0.5x cost,0.0112,0.0586,0.1912,-0.1228,48.4873
primary_z 1.0x cost,0.0073,0.0587,0.124,-0.1325,48.4873
primary_z 2.0x cost,-0.0006,0.0588,-0.0101,-0.1528,48.4873
cash_es_rty 0.5x cost,0.0213,0.0583,0.3653,-0.109,18.4948
cash_es_rty 1.0x cost,0.0204,0.0583,0.3494,-0.1099,18.4948
cash_es_rty 2.0x cost,0.0185,0.0583,0.3176,-0.1117,18.4948
es buy and hold,0.1382,0.1593,0.8679,-0.2833,0.0
