instrument,entry,exit,direction,pnl
ES,2010-09-02,2010-09-07,long,3337.040685825905
ZN,2010-09-27,2010-10-01,long,335.2469806971733
ES,2010-10-01,2010-10-06,long,6400.4929536879245
ZN,2010-10-26,2010-11-01,long,9829.85753911095
ES,2010-11-01,2010-11-04,long,11435.699088927255
ZN,2010-11-24,2010-12-01,long,-10996.213869079602
ES,2010-12-01,2010-12-06,long,11682.587549844367
ZN,2010-12-28,2011-01-03,long,-3845.206650495595
ES,2011-01-03,2011-01-06,long,2361.649931234369
ZN,2011-01-26,2011-02-01,long,-2536.627951388563
ES,2011-02-01,2011-02-04,long,5542.796888463632
ZN,2011-02-23,2011-03-01,long,-2123.9854459508524
ES,2011-03-01,2011-03-04,long,1608.0021956326168
ZN,2011-03-28,2011-04-01,short,4806.525294239785
ES,2011-03-28,2011-04-06,long,11971.451258176083
ZN,2011-04-26,2011-05-02,short,-10210.164596326113
ES,2011-04-26,2011-05-05,long,-480.1804194368193
ZN,2011-05-25,2011-06-01,short,-19209.76069143222
ES,2011-05-25,2011-06-06,long,-11933.116601862452
ZN,2011-06-27,2011-07-01,short,41670.655249793876
ES,2011-06-27,2011-07-07,long,38147.95090498173
ZN,2011-07-26,2011-08-01,long,22099.05837251645
ES,2011-08-01,2011-08-04,long,-29112.869220020595
ZN,2011-08-26,2011-09-01,short,1298.1776385672074
ES,2011-08-26,2011-09-07,long,20869.216572304853
ES,2011-09-27,2011-10-06,long,-12410.06799058229
ZN,2011-09-27,2011-10-03,short,-9328.552427098246
ZN,2011-10-26,2011-11-01,long,14012.773657891019
ES,2011-11-01,2011-11-04,long,5126.382259876199
ES,2011-11-25,2011-12-06,long,25305.435316615563
ZN,2011-11-25,2011-12-01,short,8943.269076857521
ZN,2011-12-27,2012-01-03,long,6826.970168215894
ES,2012-01-03,2012-01-06,long,-1679.437889257007
ZN,2012-01-26,2012-02-01,long,10950.430802548046
ES,2012-02-01,2012-02-06,long,6594.7623947756065
ZN,2012-02-24,2012-03-01,long,-7731.656067914155
ES,2012-03-01,2012-03-06,long,-15186.18933755195
ZN,2012-03-27,2012-04-02,long,7828.4241782120835
ES,2012-04-02,2012-04-05,long,-7915.801023733877
ES,2012-04-25,2012-05-04,long,-6369.292620132746
ZN,2012-04-25,2012-05-01,short,-15675.58277795749
ZN,2012-05-25,2012-06-01,short,-35326.61702839891
ES,2012-05-25,2012-06-06,long,-14062.838051324969
ZN,2012-06-26,2012-07-02,long,7593.230000156035
ES,2012-07-02,2012-07-06,long,-5910.3104064786185
ES,2012-07-26,2012-08-06,long,18047.509837327078
ZN,2012-07-26,2012-08-01,short,13296.866681043435
ZN,2012-08-28,2012-09-04,long,392.8069598340596
ES,2012-09-04,2012-09-07,long,15573.471570169326
ZN,2012-09-25,2012-10-01,long,10255.776879453255
ES,2012-10-01,2012-10-04,long,5451.525123313574
ES,2012-10-24,2012-11-06,long,5217.980873983661
ZN,2012-10-24,2012-11-01,short,-7882.612262161315
ES,2012-11-27,2012-12-06,long,1034.9594497479993
ZN,2012-11-27,2012-12-03,short,-7576.703567786078
ZN,2012-12-26,2013-01-02,long,-9086.221151573698
ES,2013-01-02,2013-01-07,long,1188.7845733600072
ZN,2013-01-28,2013-02-01,long,10218.033121322344
ES,2013-02-01,2013-02-06,long,1564.9976545066772
ZN,2013-02-25,2013-03-01,long,26401.10363328178
ES,2013-03-01,2013-03-06,long,21572.50528327745
ZN,2013-03-25,2013-04-01,long,13508.37105107408
ES,2013-04-01,2013-04-04,long,-5270.562873121817
ZN,2013-04-25,2013-05-01,short,-17386.202182708163
ES,2013-04-25,2013-05-06,long,15657.418123783937
ZN,2013-05-28,2013-06-03,long,-15907.700335467742
ES,2013-06-03,2013-06-06,long,-8942.829607682286
ZN,2013-06-25,2013-07-01,short,-6038.069823401442
ES,2013-06-25,2013-07-05,long,18024.245235824146
ZN,2013-07-26,2013-08-01,long,-10364.36688841722
ES,2013-08-01,2013-08-06,long,324.7401721053889
ZN,2013-08-27,2013-09-03,short,9176.402131162511
ES,2013-08-27,2013-09-06,long,1532.754287999162
ZN,2013-09-25,2013-10-01,long,3560.8043357773577
ES,2013-10-01,2013-10-04,long,-858.5029355836159
ZN,2013-10-28,2013-11-01,long,-8117.776014584144
ES,2013-11-01,2013-11-06,long,5223.202123155534
ZN,2013-11-25,2013-12-02,long,-7563.498536067686
ES,2013-12-02,2013-12-05,long,-7806.585208924223
ZN,2013-12-26,2014-01-02,long,1474.7938339507878
ES,2014-01-02,2014-01-07,long,-649.7424727779071
ZN,2014-01-28,2014-02-03,short,-14835.561569582633
ES,2014-01-28,2014-02-06,long,-13883.533993794801
ZN,2014-02-25,2014-03-03,long,10188.029285095667
ES,2014-03-03,2014-03-06,long,15176.196726367205
ZN,2014-03-26,2014-04-01,long,-3464.1120257184875
ES,2014-04-01,2014-04-04,long,4250.617574640037
ZN,2014-04-25,2014-05-01,long,4472.989644877533
ES,2014-05-01,2014-05-06,long,-1671.822012978229
ZN,2014-05-27,2014-06-02,short,-5862.667209073709
ES,2014-05-27,2014-06-05,long,10623.868733680682
ZN,2014-06-25,2014-07-01,long,-1271.4391669684267
ES,2014-07-01,2014-07-07,long,4802.191018008098
ZN,2014-07-28,2014-08-01,long,-10320.72825622076
ES,2014-08-01,2014-08-06,long,-10521.727817703311
ZN,2014-08-26,2014-09-02,long,-3026.839257263313
ES,2014-09-02,2014-09-05,long,-3180.545735839775
ZN,2014-09-22,2014-10-01,long,15465.283736465084
ES,2014-10-01,2014-10-07,long,-13624.090544158
ZN,2014-10-28,2014-11-03,short,11806.58118201009
ES,2014-10-28,2014-11-06,long,20614.655827512393
ZN,2014-11-24,2014-12-01,long,25409.177976158266
ES,2014-12-01,2014-12-04,long,6751.343418825502
ZN,2014-12-24,2015-01-02,long,20379.42815692301
ES,2015-01-02,2015-01-07,long,-16010.981263416188
ES,2015-01-27,2015-02-05,long,8491.024143424886
ZN,2015-01-27,2015-02-02,short,-10934.458100564849
ZN,2015-02-24,2015-03-02,long,4908.187602350508
ES,2015-03-02,2015-03-05,long,-2429.0059979226235
ES,2015-03-26,2015-04-07,long,11382.124786702303
ZN,2015-03-26,2015-04-01,short,-12437.471702607605
ZN,2015-04-27,2015-05-01,long,-15357.534464228418
ES,2015-05-01,2015-05-06,long,-5433.239019677788
ZN,2015-05-26,2015-06-01,long,9642.839522017865
ES,2015-06-01,2015-06-04,long,-146.52485832139786
ZN,2015-06-25,2015-07-01,long,-1816.5087898210513
ES,2015-07-01,2015-07-07,long,-5235.596969128982
ZN,2015-07-28,2015-08-03,short,-10894.236480134192
ES,2015-07-28,2015-08-06,long,7448.276045510221
ZN,2015-08-26,2015-09-01,short,1590.705107940697
ES,2015-08-26,2015-09-04,long,9450.739654162806
ES,2015-09-25,2015-10-06,long,10695.131429139017
ZN,2015-09-25,2015-10-01,short,-19229.794803948993
ZN,2015-10-27,2015-11-02,long,-22853.76061372732
ES,2015-11-02,2015-11-05,long,3954.471506615285
ZN,2015-11-24,2015-12-01,long,466.05147441216104
ES,2015-12-01,2015-12-04,long,-9488.657346251357
ZN,2015-12-28,2016-01-04,short,-6396.281911622504
ES,2015-12-28,2016-01-07,long,-29692.279745405172
ZN,2016-01-26,2016-02-01,short,-14448.69542053478
ES,2016-01-26,2016-02-04,long,8327.674394380181
ES,2016-02-24,2016-03-04,long,25101.435224108725
ZN,2016-02-24,2016-03-01,short,11973.442347180118
ZN,2016-03-28,2016-04-01,long,17319.392375069052
ES,2016-04-01,2016-04-06,long,-646.4150450791307
ZN,2016-04-26,2016-05-02,long,9128.41509035639
ES,2016-05-02,2016-05-05,long,-4718.011574090632
ZN,2016-05-25,2016-06-01,long,14300.743911983902
ES,2016-06-01,2016-06-06,long,9635.3509321786
ZN,2016-06-27,2016-07-01,short,-3982.5857256596546
ES,2016-06-27,2016-07-07,long,36983.07527582419
ZN,2016-07-26,2016-08-01,long,10794.668335510101
ES,2016-08-01,2016-08-04,long,-3066.2533498314237
ZN,2016-08-26,2016-09-01,long,-11691.439769535624
ES,2016-09-01,2016-09-07,long,8039.770442520084
ES,2016-09-27,2016-10-06,long,997.1203298547928
ZN,2016-09-27,2016-10-03,short,4901.625011195136
ZN,2016-10-26,2016-11-01,short,12650.402871252243
ES,2016-10-26,2016-11-04,long,-22711.34013245031
ZN,2016-11-25,2016-12-01,long,-15028.84711890115
ES,2016-12-01,2016-12-06,long,1559.636112858209
ZN,2016-12-27,2017-01-03,long,11075.308087828282
ES,2017-01-03,2017-01-06,long,6301.621721460717
ZN,2017-01-26,2017-02-01,long,4593.056182943301
ES,2017-02-01,2017-02-06,long,4482.2628899078845
ZN,2017-02-23,2017-03-01,long,-12679.938389371835
ES,2017-03-01,2017-03-06,long,-7789.495527812518
ZN,2017-03-28,2017-04-03,short,-2872.375772617942
ES,2017-03-28,2017-04-06,long,11458.335630399319
ZN,2017-04-25,2017-05-01,short,-1169.391574012345
ES,2017-04-25,2017-05-04,long,-421.9535091194809
ZN,2017-05-25,2017-06-01,long,2890.120860205955
ES,2017-06-01,2017-06-06,long,9141.865110809162
ZN,2017-06-27,2017-07-03,long,-21706.34467935928
ES,2017-07-03,2017-07-07,long,-7573.53603949234
ZN,2017-07-26,2017-08-01,long,8486.358637929492
ES,2017-08-01,2017-08-04,long,880.0328834581378
ES,2017-08-28,2017-09-07,long,16507.029718654987
ZN,2017-08-28,2017-09-01,short,-5645.896447692274
ZN,2017-09-26,2017-10-02,long,-15081.503821434058
ES,2017-10-02,2017-10-05,long,9696.30683838075
ZN,2017-10-26,2017-11-01,long,7100.095913402305
ES,2017-11-01,2017-11-06,long,1011.881124577746
ZN,2017-11-27,2017-12-01,long,-13189.08623008954
ES,2017-12-01,2017-12-06,long,-11309.56078197515
ZN,2017-12-26,2018-01-02,long,3734.8144102717706
ES,2018-01-02,2018-01-05,long,25632.749979622273
ZN,2018-01-26,2018-02-01,long,-17721.875120587116
ES,2018-02-01,2018-02-06,long,-71529.87025287689
ZN,2018-02-23,2018-03-01,short,-8087.616592286193
ES,2018-02-23,2018-03-06,long,1893.6650378148724
ZN,2018-03-26,2018-04-02,short,-12233.138150097839
ES,2018-03-26,2018-04-05,long,4869.108285186785
ZN,2018-04-25,2018-05-01,long,5130.290126436061
ES,2018-05-01,2018-05-04,long,-2573.7158466505566
ZN,2018-05-25,2018-06-01,long,-5290.747367023332
ES,2018-06-01,2018-06-06,long,5240.292329529828
ZN,2018-06-26,2018-07-02,long,5581.831067754252
ES,2018-07-02,2018-07-06,long,16273.698259005527
ZN,2018-07-26,2018-08-01,long,-10890.813789002446
ES,2018-08-01,2018-08-06,long,8121.930797147653
ZN,2018-08-28,2018-09-04,long,757.629040883146
ES,2018-09-04,2018-09-07,long,-6639.079793547162
ZN,2018-09-25,2018-10-01,long,4738.723811547364
ES,2018-10-01,2018-10-04,long,-9795.77342898915
ES,2018-10-26,2018-11-06,long,22551.34028325419
ZN,2018-10-26,2018-11-01,short,10236.925609089489
ES,2018-11-27,2018-12-07,long,8493.835736150617
ZN,2018-11-27,2018-12-03,short,-8687.658675172426
ES,2018-12-26,2019-01-07,long,28377.170864726064
ZN,2018-12-26,2019-01-02,short,-19008.641450222996
ZN,2019-01-28,2019-02-01,long,14792.455152114802
ES,2019-02-01,2019-02-06,long,4686.9966952826735
ZN,2019-02-25,2019-03-01,long,-12606.176231907097
ES,2019-03-01,2019-03-06,long,-3640.5627382492394
ZN,2019-03-26,2019-04-01,short,5201.458128822616
ES,2019-03-26,2019-04-04,long,13836.080029610031
ZN,2019-04-25,2019-05-01,long,4244.084552563394
ES,2019-05-01,2019-05-06,long,-13947.828542571748
ES,2019-05-28,2019-06-06,long,-4503.5449393642075
ZN,2019-05-28,2019-06-03,short,-36651.341716212286
ZN,2019-06-25,2019-07-01,long,-5814.84884627786
ES,2019-07-01,2019-07-05,long,-4228.595571774195
ZN,2019-07-26,2019-08-01,long,9764.612279144538
ES,2019-08-01,2019-08-06,long,-35390.395433468686
ZN,2019-08-27,2019-09-03,short,-845.1594355571895
ES,2019-08-27,2019-09-06,long,24188.612174886246
ZN,2019-09-25,2019-10-01,long,-10202.017839723849
ES,2019-10-01,2019-10-04,long,-13528.085775621172
ZN,2019-10-28,2019-11-01,long,15355.537403210323
ES,2019-11-01,2019-11-06,long,3214.489713045478
ZN,2019-11-25,2019-12-02,long,-11050.432336625687
ES,2019-12-02,2019-12-05,long,-6009.761332569527
ZN,2019-12-26,2020-01-02,long,5662.60053197771
ES,2020-01-02,2020-01-07,long,-5461.862800992802
ES,2020-01-28,2020-02-06,long,28384.07455325844
ZN,2020-01-28,2020-02-03,short,-10544.470053272897
ZN,2020-02-24,2020-03-02,long,44340.281544564285
ES,2020-03-02,2020-03-05,long,16400.032843410107
ES,2020-03-26,2020-04-06,long,4237.750089669596
ZN,2020-03-26,2020-04-01,short,-12590.22802744338
ZN,2020-04-27,2020-05-01,long,1419.7575268476014
ES,2020-05-01,2020-05-06,long,716.3356427311406
ZN,2020-05-26,2020-06-01,long,1655.0796268274707
ES,2020-06-01,2020-06-04,long,4084.9764591147186
ZN,2020-06-25,2020-07-01,long,-2329.2490428172573
ES,2020-07-01,2020-07-07,long,9976.630212756198
ZN,2020-07-28,2020-08-03,long,4171.485662108544
ES,2020-08-03,2020-08-06,long,5349.290704612925
ZN,2020-08-26,2020-09-01,long,2504.72436002045
ES,2020-09-01,2020-09-04,long,-10541.978822586248
ZN,2020-09-25,2020-10-01,short,6519.888758506266
ES,2020-09-25,2020-10-06,long,28782.242551673466
ZN,2020-10-27,2020-11-02,long,-8956.242402712222
ES,2020-11-02,2020-11-05,long,28935.694533918675
ZN,2020-11-24,2020-12-01,long,-5595.805399926899
ES,2020-12-01,2020-12-04,long,2630.2516721264187
ZN,2020-12-28,2021-01-04,long,4243.914022756902
ES,2021-01-04,2021-01-07,long,7097.189674328911
ZN,2021-01-26,2021-02-01,long,-5620.67432944826
ES,2021-02-01,2021-02-04,long,20522.48394166681
ZN,2021-02-23,2021-03-01,long,-26448.49382243098
ES,2021-03-01,2021-03-04,long,-11120.246845291826
ZN,2021-03-26,2021-04-01,long,-8183.905802105372
ES,2021-04-01,2021-04-07,long,12364.863865711384
ZN,2021-04-27,2021-05-03,long,-1940.7015447162503
ES,2021-05-03,2021-05-06,long,-8179.0629513652
ZN,2021-05-25,2021-06-01,long,-5705.225185422254
ES,2021-06-01,2021-06-04,long,-22.10332863794406
ZN,2021-06-25,2021-07-01,long,5541.400370858797
ES,2021-07-01,2021-07-07,long,5504.53727251968
ZN,2021-07-27,2021-08-02,long,3060.859473261696
ES,2021-08-02,2021-08-05,long,980.5924317080721
ZN,2021-08-26,2021-09-01,long,11051.565476307953
ES,2021-09-01,2021-09-07,long,-5947.476727930778
ES,2021-09-27,2021-10-06,long,-28649.69799330142
ZN,2021-09-27,2021-10-01,short,-3002.952461392445
ZN,2021-10-26,2021-11-01,long,-3383.5039424742195
ES,2021-11-01,2021-11-04,long,12607.996548324307
ZN,2021-11-24,2021-12-01,long,22152.75795721054
ES,2021-12-01,2021-12-06,long,-8437.385806737007
ZN,2021-12-28,2022-01-03,long,-18240.107021398202
ES,2022-01-03,2022-01-06,long,-11788.478713774924
ZN,2022-01-26,2022-02-01,short,966.1112762276863
ES,2022-01-26,2022-02-04,long,7458.809087446501
ZN,2022-02-23,2022-03-01,short,-33604.697257450505
ES,2022-02-23,2022-03-04,long,1193.2549308051043
ZN,2022-03-28,2022-04-01,long,-266.29226906933616
ES,2022-04-01,2022-04-06,long,-6825.50234330895
ZN,2022-04-26,2022-05-02,short,18272.399566826705
ES,2022-04-26,2022-05-05,long,-2698.287913101948
ZN,2022-05-25,2022-06-01,short,-950.6126077491672
ES,2022-05-25,2022-06-06,long,14057.276111445051
ES,2022-06-27,2022-07-07,long,-1310.5437135580219
ZN,2022-06-27,2022-07-01,short,-24697.288220180395
ZN,2022-07-26,2022-08-01,long,10144.909381956915
ES,2022-08-01,2022-08-04,long,2814.0626852202645
ZN,2022-08-26,2022-09-01,long,-15656.780430450142
ES,2022-09-01,2022-09-07,long,4418.510769265936
ES,2022-09-27,2022-10-06,long,9179.646910901374
ZN,2022-09-27,2022-10-03,short,-16965.5927669073
ZN,2022-10-26,2022-11-01,long,2694.0266912214865
ES,2022-11-01,2022-11-04,long,-14080.643706496723
ZN,2022-11-25,2022-12-01,long,9600.683944112703
ES,2022-12-01,2022-12-06,long,-11148.238758978532
ES,2022-12-27,2023-01-06,long,-460.72714934164765
ZN,2022-12-27,2023-01-03,short,-5412.539129555571
ZN,2023-01-26,2023-02-01,long,-239.672384037573
ES,2023-02-01,2023-02-06,long,4182.515933645813
ZN,2023-02-23,2023-03-01,long,-4755.238230186111
ES,2023-03-01,2023-03-06,long,13389.095494273412
ES,2023-03-28,2023-04-06,long,15287.75165895251
ZN,2023-03-28,2023-04-03,short,-2543.0075815634123
ZN,2023-04-25,2023-05-01,long,-6914.832789893473
ES,2023-05-01,2023-05-04,long,-18237.161838332035
ZN,2023-05-25,2023-06-01,long,8075.910169656212
ES,2023-06-01,2023-06-06,long,15311.656213096621
ZN,2023-06-27,2023-07-03,long,-12217.0437917538
ES,2023-07-03,2023-07-07,long,-7619.484456440561
ZN,2023-07-26,2023-08-01,long,-9717.054374272775
ES,2023-08-01,2023-08-04,long,-14636.714553711725
ES,2023-08-28,2023-09-07,long,1014.1883154505493
ZN,2023-08-28,2023-09-01,short,-9810.043394294473
ZN,2023-09-26,2023-10-02,short,10278.040086872259
ES,2023-09-26,2023-10-05,long,-11566.814386186195
ZN,2023-10-26,2023-11-01,short,-7472.716226475838
ES,2023-10-26,2023-11-06,long,36544.41562921122
ZN,2023-11-27,2023-12-01,long,11140.687747266558
ES,2023-12-01,2023-12-06,long,2654.871554251324
ZN,2023-12-26,2024-01-02,long,-2002.3530807687494
ES,2024-01-02,2024-01-05,long,-8182.45551576827
ZN,2024-01-26,2024-02-01,long,21636.53601470242
ES,2024-02-01,2024-02-06,long,14720.841658203068
ZN,2024-02-26,2024-03-01,long,-1192.329599831196
ES,2024-03-01,2024-03-06,long,922.8429501671219
ZN,2024-03-25,2024-04-01,long,-5890.706080129661
ES,2024-04-01,2024-04-04,long,-2980.335286947538
ES,2024-04-25,2024-05-06,long,25334.32918200168
ZN,2024-04-25,2024-05-01,short,-7173.545732901116
ZN,2024-05-28,2024-06-03,long,1427.8437677758402
ES,2024-06-03,2024-06-06,long,10259.379649379638
ZN,2024-06-25,2024-07-01,short,15636.070365615395
ES,2024-06-25,2024-07-05,long,11052.590559394223
ZN,2024-07-26,2024-08-01,short,-22136.78344382239
ES,2024-07-26,2024-08-06,long,-35441.693265357215
ZN,2024-08-27,2024-09-03,long,8466.346169696546
ES,2024-09-03,2024-09-06,long,-14147.532116261946
ES,2024-09-25,2024-09-30,long,-1337.3606959520544
ZN,2024-09-25,2024-09-30,short,634.4259554905007
